id,school,abbreviation,nickname,mascot,full_name,classification,conference_id,conference,conference_division,home_venue_id,home_venue,venue_capacity,city,state,zip,country_code,location,elevation,wins,losses,enrollment,first_year,top_receiver_yards
164,Rutgers,RUTG,Rutgers,Scarlet Knights,Rutgers Scarlet Knights,fbs,5,Big Ten,,6577,SHI Stadium,52454,Piscataway,NJ,8854,US,"(40.5462553,-74.4660408)",52,681,701,"50,804",1869,3043
77,Northwestern,NU,Northwestern,Wildcats,Northwestern Wildcats,fbs,5,Big Ten,,3911,Ryan Field,47130,Evanston,IL,60208,US,"(42.0653994,-87.6924751)",181.2376099,571,712,"23,410",1876,3128
245,Texas A&M,TA&M,Texas A&M,Aggies,Texas A&M Aggies,fbs,8,SEC,,3795,Kyle Field,102733,College Station,TX,77843,US,"(30.6098891,-96.3403828)",108.824585,789,509,"74,014",1876,3117
113,Massachusetts,MASS,Massachusetts,Minutemen,Massachusetts Minutemen,fbs,15,Mid-American,,3985,Warren McGuirk Alumni Stadium,17000,Hadley,MA,1003,US,"(42.3773244,-72.5360595)",46.58664703,582,652,"30,285",1879,3526
130,Michigan,MICH,Michigan,Wolverines,Michigan Wolverines,fbs,5,Big Ten,,3558,Michigan Stadium,107601,Ann Arbor,MI,48109,US,"(42.2658365,-83.7486956)",255.5500031,"1,015",359,"50,278",1879,3541
2426,Navy,NAVY,Navy,Midshipmen,Navy Midshipmen,fbs,151,American Athletic,,3852,Navy-Marine Corps Memorial Stadium,34000,Annapolis,MD,21402,US,"(38.9846985,-76.5076335)",10.74990082,751,603,"4,576",1879,1994
96,Kentucky,UK,Kentucky,Wildcats,Kentucky Wildcats,fbs,8,SEC,,3683,Kroger Field,61000,Lexington,KY,40506,US,"(38.0220905,-84.5053408)",307.4248962,649,656,"33,885",1881,2889
213,Penn State,PSU,Penn State,Nittany Lions,Penn State Nittany Lions,fbs,5,Big Ten,,3632,Beaver Stadium,106572,University Park,PA,16802,US,"(40.8121958,-77.8561023)",354.1551514,946,412,"39,368",1881,3026
25,California,CAL,California,Golden Bears,California Golden Bears,fbs,1,ACC,,3831,California Memorial Stadium,62467,Berkeley,CA,94720,US,"(37.8710434,-122.2507729)",125.3108063,701,576,"45,307",1882,3188
135,Minnesota,MINN,Minnesota,Golden Gophers,Minnesota Golden Gophers,fbs,5,Big Ten,,3953,Huntington Bank Stadium,50850,Minneapolis,MN,55488,US,"(44.976525,-93.2245462)",254.3902283,743,549,"54,890",1882,3119
251,Texas,TEX,Texas,Longhorns,Texas Longhorns,fbs,8,SEC,,3910,DKR-Texas Memorial Stadium,100119,Austin,TX,78712,US,"(30.2836813,-97.7325345)",160.3089447,963,396,"52,384",1883,3866
2132,Cincinnati,CIN,Cincinnati,Bearcats,Cincinnati Bearcats,fbs,4,Big 12,,3854,Nippert Stadium,40000,Cincinnati,OH,45221,US,"(39.1312495,-84.5161913)",230.0660553,666,615,"50,921",1885,3003
127,Michigan State,MSU,Michigan St,Spartans,Michigan State Spartans,fbs,5,Big Ten,,3936,Spartan Stadium,75005,East Lansing,MI,48824,US,"(42.7281474,-84.4848526)",254.8794861,738,494,"49,659",1885,3086
84,Indiana,IU,Indiana,Hoosiers,Indiana Hoosiers,fbs,5,Big Ten,,3830,"Memorial Stadium (Bloomington, IN)",52656,Bloomington,IN,47408,US,"(39.1808959,-86.5256217)",231.6500854,521,715,"45,328",1887,2740
87,Notre Dame,ND,Notre Dame,Fighting Irish,Notre Dame Fighting Irish,fbs,18,FBS Independents,,3855,Notre Dame Stadium,80795,Notre Dame,IN,46556,US,"(41.698378,-86.2339425)",222.645401,962,341,"12,809",1887,3686
2509,Purdue,PUR,Purdue,Boilermakers,Purdue Boilermakers,fbs,5,Big Ten,,3907,Ross-Ade Stadium,57282,West Lafayette,IN,47907,US,"(40.4352253,-86.9186843)",197.5337677,644,609,"52,211",1887,3618
258,Virginia,UVA,Virginia,Cavaliers,Virginia Cavaliers,fbs,1,ACC,,3923,Scott Stadium,61500,Charlottesville,VA,22904,US,"(38.0311801,-78.5137897)",170.4677429,690,650,"25,944",1887,2978
150,Duke,DUKE,Duke,Blue Devils,Duke Blue Devils,fbs,1,ACC,,3982,Wallace Wade Stadium,40004,Durham,NC,27708,US,"(35.9953688,-78.9417564)",103.0028152,548,562,"16,780",1888,3749
120,Maryland,MD,Maryland,Terrapins,Maryland Terrapins,fbs,5,Big Ten,,3665,SECU Stadium,51802,College Park,MD,20742,US,"(38.9903332,-76.9473792)",32.68748093,684,632,"40,813",1888,2932
193,Miami (OH),M-OH,Miami OH,RedHawks,Miami (OH) RedHawks,fbs,15,Mid-American,,3996,Yager Stadium,24286,Oxford,OH,45056,US,"(39.5197009,-84.7330255)",242.2643585,733,491,"16,748",1888,3697
153,North Carolina,UNC,North Carolina,Tar Heels,North Carolina Tar Heels,fbs,1,ACC,,3787,Kenan Stadium,50500,Chapel Hill,NC,27515,US,"(35.9069294,-79.0478889)",127.7569809,737,577,"31,705",1888,2912
30,USC,USC,USC,Trojans,USC Trojans,fbs,5,Big Ten,,477,Los Angeles Memorial Coliseum,77500,Los Angeles,CA,90089,US,"(34.014167,-118.287778)",42.50374222,885,374,"48,945",1888,3655
154,Wake Forest,WAKE,Wake Forest,Demon Deacons,Wake Forest Demon Deacons,fbs,1,ACC,,3630,Allegacy Federal Credit Union Stadium,31500,Winston-Salem,NC,27105,US,"(36.1305507,-80.2545851)",283.548584,498,694,"8,963",1888,2974
48,Delaware,DEL,Delaware,Fightin' Blue Hens,Delaware Fightin' Blue Hens,fbs,12,Conference USA,,3695,Delaware Stadium,22000,Newark,DE,19713,US,"(39.6617428,-75.7488224)",28.74350357,741,486,"24,221",1889,877
2294,Iowa,IOWA,Iowa,Hawkeyes,Iowa Hawkeyes,fbs,5,Big Ten,,3793,Kinnick Stadium,69250,Iowa City,IA,52242,US,"(41.6586045,-91.5510829)",220.6357727,703,582,"30,015",1889,2861
194,Ohio State,OSU,Ohio State,Buckeyes,Ohio State Buckeyes,fbs,5,Big Ten,,3861,Ohio Stadium,102780,Columbus,OH,43210,US,"(40.0016447,-83.0197266)",216.6770325,990,337,"60,046",1889,2868
183,Syracuse,SYR,Syracuse,Orange,Syracuse Orange,fbs,1,ACC,,1964,JMA Wireless Dome,49057,Syracuse,NY,13244,US,"(43.0362269,-76.1363161)",162.6989746,755,581,"22,698",1889,2891
264,Washington,WASH,Washington,Huskies,Washington Huskies,fbs,5,Big Ten,,3765,Husky Stadium,70138,Seattle,WA,98195,US,"(47.6503235,-122.3015746)",11.65622807,783,474,"49,025",1889,3536
275,Wisconsin,WIS,Wisconsin,Badgers,Wisconsin Badgers,fbs,5,Big Ten,,347,Camp Randall Stadium,80321,Madison,WI,53711,US,"(43.06994,-89.4126943)",263.604126,749,526,"49,886",1889,3382
349,Army,ARMY,Army,Black Knights,Army Black Knights,fbs,151,American Athletic,,3841,Michie Stadium,38000,West Point,NY,10996,US,"(41.3874924,-73.9640891)",99.21277618,740,548,"4,393",1890,2330
38,Colorado,COLO,Colorado,Buffaloes,Colorado Buffaloes,fbs,4,Big 12,,3726,Folsom Field,50183,Boulder,CO,80309,US,"(40.0094746,-105.266905)",1634.041138,733,550,"37,153",1890,3634
36,Colorado State,CSU,Colorado St,Rams,Colorado State Rams,fbs,17,Mountain West,,5388,Canvas Stadium,36500,Fort Collins,CO,80521,US,"(40.570015,-105.088435)",1528.4,548,622,"27,956",1890,3649
356,Illinois,ILL,Illinois,Fighting Illini,Illinois Fighting Illini,fbs,5,Big Ten,,3832,"Memorial Stadium (Champaign, IL)",60670,Champaign,IL,61820,US,"(40.0993268,-88.2359569)",223.2471619,645,628,"56,403",1890,4038
2305,Kansas,KU,Kansas,Jayhawks,Kansas Jayhawks,fbs,4,Big 12,,3833,Memorial Stadium,47000,Lawrence,KS,66045,US,"(38.9629418,-95.2463686)",274.855957,612,687,"26,708",1890,3636
142,Missouri,MIZ,Missouri,Tigers,Missouri Tigers,fbs,8,SEC,,3838,Memorial Stadium,71168,Columbia,MO,65211,US,"(38.9358491,-92.3332009)",212.6865692,724,593,"31,041",1890,2778
158,Nebraska,NEB,Nebraska,Cornhuskers,Nebraska Cornhuskers,fbs,5,Big Ten,,3834,"Memorial Stadium (Lincoln, NE)",85458,Lincoln,NE,68588,US,"(40.820682,-96.705594)",354.9318848,927,430,"24,431",1890,2747
221,Pittsburgh,PITT,Pitt,Panthers,Pittsburgh Panthers,fbs,1,ACC,,3752,Acrisure Stadium,68400,Pittsburgh,PA,15260,US,"(40.4467648,-80.0157603)",220.5887146,770,567,"29,533",1890,3361
238,Vanderbilt,VAN,Vanderbilt,Commodores,Vanderbilt Commodores,fbs,8,SEC,,3973,FirstBank Stadium,40351,Nashville,TN,37212,US,"(36.1440455,-86.8088942)",159.9194641,628,671,"13,710",1890,3759
2006,Akron,AKR,Akron,Zips,Akron Zips,fbs,15,Mid-American,,3768,InfoCision Stadium,30000,Akron,OH,44399,US,"(41.0725534,-81.5083408)",321.2875061,529,604,"12,349",1891,2653
2199,Eastern Michigan,EMU,E Michigan,Eagles,Eastern Michigan Eagles,fbs,15,Mid-American,,3912,Rynearson Stadium,30200,Ypsilanti,MI,48197,US,"(42.256126,-83.647285)",241.248764,495,633,"15,340",1891,3245
24,Stanford,STAN,Stanford,Cardinal,Stanford Cardinal,fbs,1,ACC,,3940,Stanford Stadium,50424,Stanford,CA,94305,US,"(37.4345556,-122.1611271)",18.38425636,674,507,"18,283",1891,3986
2633,Tennessee,TENN,Tennessee,Volunteers,Tennessee Volunteers,fbs,8,SEC,,3853,Neyland Stadium,102455,Knoxville,TN,37996,US,"(35.9550131,-83.9250128)",271.9517212,877,418,"36,304",1891,2814
277,West Virginia,WVU,West Virginia,Mountaineers,West Virginia Mountaineers,fbs,4,Big 12,,3842,Milan Puskar Stadium,60000,Morgantown,WV,26507,US,"(39.6502744,-79.9551873)",327.409668,789,534,"24,741",1891,3413
333,Alabama,ALA,Alabama,Crimson Tide,Alabama Crimson Tide,fbs,8,SEC,,3657,Bryant-Denny Stadium,101821,Tuscaloosa,AL,35487,US,"(33.2082752,-87.5503836)",70.05136108,985,342,"38,320",1892,3965
2,Auburn,AUB,Auburn,Tigers,Auburn Tigers,fbs,8,SEC,,3785,Jordan-Hare Stadium,87451,Auburn,AL,36849,US,"(32.6025532,-85.4897479)",201.1737976,807,478,"33,015",1892,2507
61,Georgia,UGA,Georgia,Bulldogs,Georgia Bulldogs,fbs,8,SEC,,3917,Sanford Stadium,92746,Athens,GA,30602,US,"(33.9498197,-83.3733813)",186.1120758,895,432,"41,615",1892,3093
59,Georgia Tech,GT,Georgia Tech,Yellow Jackets,Georgia Tech Yellow Jackets,fbs,1,ACC,,721,Bobby Dodd Stadium,55000,Atlanta,GA,30332,US,"(33.7724449,-84.3928054)",279.300415,766,546,"47,961",1892,2927
66,Iowa State,ISU,Iowa State,Cyclones,Iowa State Cyclones,fbs,4,Big 12,,3772,Jack Trice Stadium,61500,Ames,IA,50011,US,"(42.0139977,-93.6357716)",274.9135437,581,681,"30,177",1892,3096
152,NC State,NCSU,NC State,Wolfpack,NC State Wolfpack,fbs,1,ACC,,3670,Carter-Finley Stadium,58000,Raleigh,NC,27695,US,"(35.8008001,-78.7195655)",117.0089951,647,606,"37,873",1892,3379
167,New Mexico,UNM,New Mexico,Lobos,New Mexico Lobos,fbs,17,Mountain West,,3971,University Stadium (NM),39224,Albuquerque,NM,87131,US,"(35.0669479,-106.6283225)",1554.471924,506,648,"25,441",1892,4254
23,San José State,SJSU,San José St,Spartans,San José State Spartans,fbs,17,Mountain West,,3935,CEFCU Stadium,30456,San Jose,CA,95112,US,"(37.3196675,-121.8682962)",28.30708694,524,547,"35,751",1892,3121
2579,South Carolina,SC,South Carolina,Gamecocks,South Carolina Gamecocks,fbs,8,SEC,,3994,Williams-Brice Stadium,80250,Columbia,SC,29208,US,"(33.9730239,-81.0191726)",60.54548645,646,617,"36,538",1892,4121
254,Utah,UTAH,Utah,Utes,Utah Utes,fbs,4,Big 12,,587,Rice-Eccles Stadium,51444,Salt Lake City,UT,84112,US,"(40.7599724,-111.8488255)",1411.543579,727,489,"34,705",1892,3143
328,Utah State,USU,Utah State,Aggies,Utah State Aggies,fbs,17,Mountain West,,3905,Maverik Stadium,25513,Logan,UT,84322,US,"(41.7517394,-111.8116007)",1427.914429,579,576,"29,968",1892,2943
259,Virginia Tech,VT,Virginia Tech,Hokies,Virginia Tech Hokies,fbs,1,ACC,,3799,Lane Stadium,65632,Blacksburg,VA,24061,US,"(37.2199873,-80.4180643)",632.2631226,778,515,"38,170",1892,3027
103,Boston College,BC,Boston College,Eagles,Boston College Eagles,fbs,1,ACC,,3615,"Alumni Stadium (Chestnut Hill, MA)",44500,Chestnut Hill,MA,2467,US,"(42.335104,-71.1664413)",39.82634354,702,533,"15,106",1893,3056
99,LSU,LSU,LSU,Tigers,LSU Tigers,fbs,8,SEC,,3958,Tiger Stadium (LA),102321,Baton Rouge,LA,70803,US,"(30.412035,-91.1838163)",7.640734673,818,438,"37,354",1893,3003
166,New Mexico State,NMSU,New Mexico St,Aggies,New Mexico State Aggies,fbs,12,Conference USA,,3601,Aggie Memorial Stadium,28853,Las Cruces,NM,88003,US,"(32.2796202,-106.7411148)",1208.201294,460,681,"14,779",1893,3565
145,Ole Miss,MISS,Ole Miss,Rebels,Ole Miss Rebels,fbs,8,SEC,,3974,Vaught-Hemingway Stadium,64038,Oxford,MS,38677,US,"(34.3619837,-89.5342076)",146.8517151,688,550,"21,596",1893,3532
204,Oregon State,ORST,Oregon St,Beavers,Oregon State Beavers,fbs,9,Pac-12,,3893,Reser Stadium,43363,Corvallis,OR,97331,US,"(44.5594559,-123.2814341)",66.90744781,569,639,"37,121",1893,3924
2655,Tulane,TULN,Tulane,Green Wave,Tulane Green Wave,fbs,151,American Athletic,,4729,Yulman Stadium,30000,New Orleans,LA,70118,US,"(29.944616,-90.116692)",1.18E-38,577,677,"14,472",1893,3725
265,Washington State,WSU,Washington St,Cougars,Washington State Cougars,fbs,9,Pac-12,,3820,Gesa Field,32952,Pullman,WA,99164,US,"(46.731831,-117.1604991)",773.9526367,582,592,"20,976",1893,3609
2751,Wyoming,WYO,Wyoming,Cowboys,Wyoming Cowboys,fbs,17,Mountain West,,3984,War Memorial Stadium,29181,Laramie,WY,82071,US,"(41.31161,-105.5681384)",2200.153564,570,609,"11,100",1893,4518
8,Arkansas,ARK,Arkansas,Razorbacks,Arkansas Razorbacks,fbs,8,SEC,,3887,Razorback Stadium,80000,Fayetteville,AR,72702,US,"(36.0680662,-94.1789534)",403.7972412,749,546,"32,140",1894,2934
2084,Buffalo,BUF,Buffalo,Bulls,Buffalo Bulls,fbs,15,Mid-American,,3965,UB Stadium,30270,Amherst,NY,14260,US,"(42.9991334,-78.7775113)",181.5759735,419,562,"30,380",1894,3551
195,Ohio,OHIO,Ohio,Bobcats,Ohio Bobcats,fbs,15,Mid-American,,3876,Peden Stadium,24000,Athens,OH,45701,US,"(39.3212794,-82.1034315)",194.230896,615,589,"20,749",1894,2620
2483,Oregon,ORE,Oregon,Ducks,Oregon Ducks,fbs,5,Big Ten,,3626,Autzen Stadium,54000,Eugene,OR,97401,US,"(44.0582712,-123.0684883)",127.4198303,721,512,"23,202",1894,3889
218,Temple,TEM,Temple,Owls,Temple Owls,fbs,151,American Athletic,,3806,Lincoln Financial Field,69879,Philadelphia,PA,19122,US,"(39.9007995,-75.1675414)",3.198706865,499,627,"33,196",1894,2957
276,Marshall,MRSH,Marshall,Thundering Herd,Marshall Thundering Herd,fbs,37,Sun Belt,East,3775,Joan C. Edwards Stadium,38016,Huntington,WV,25755,US,"(38.4247042,-82.4214412)",163.7328186,639,576,"10,835",1895,4031
344,Mississippi State,MSST,Mississippi St,Bulldogs,Mississippi State Bulldogs,fbs,8,SEC,,3693,Davis Wade Stadium,61337,Starkville,MS,39762,US,"(33.4563403,-88.7933652)",110.2742081,591,619,"22,657",1895,2528
201,Oklahoma,OU,Oklahoma,Sooners,Oklahoma Sooners,fbs,8,SEC,,3835,"Memorial Stadium (Norman, OK)",86112,Norman,OK,73019,US,"(35.2058537,-97.4423145)",355.0962524,953,348,"32,676",1895,4586
202,Tulsa,TLSA,Tulsa,Golden Hurricane,Tulsa Golden Hurricane,fbs,151,American Athletic,,3674,Chapman Stadium,30000,Tulsa,OK,74194,US,"(36.1489175,-95.9437853)",235.5928345,651,545,"3,769",1895,3774
9,Arizona State,ASU,Arizona St,Sun Devils,Arizona State Sun Devils,fbs,4,Big 12,,3947,Mountain America Stadium,65870,Tempe,AZ,85287,US,"(33.4264471,-111.9325005)",360.1569519,641,428,"57,588",1896,3939
2117,Central Michigan,CMU,C Michigan,Chippewas,Central Michigan Chippewas,fbs,15,Mid-American,,3786,Kelly/Shorts Stadium,30255,Mount Pleasant,MI,48859,US,"(43.5777313,-84.7709904)",240.9007721,652,460,"15,424",1896,3700
228,Clemson,CLEM,Clemson,Tigers,Clemson Tigers,fbs,1,ACC,,3836,"Memorial Stadium (Clemson, SC)",81500,Clemson,SC,29634,US,"(34.6787737,-82.8432428)",205.6452179,809,478,"28,747",1896,3391
2306,Kansas State,KSU,Kansas St,Wildcats,Kansas State Wildcats,fbs,4,Big 12,,3636,Bill Snyder Family Stadium,50000,Manhattan,KS,66502,US,"(39.2020096,-96.5938395)",328.0574646,580,677,"19,745",1896,3710
2440,Nevada,NEV,Nevada,Wolf Pack,Nevada Wolf Pack,fbs,17,Mountain West,,3816,Mackay Stadium,27000,Reno,NV,89557,US,"(39.5469459,-119.8175435)",1406.57605,581,533,"20,945",1896,5005
2628,TCU,TCU,TCU,Horned Frogs,TCU Horned Frogs,fbs,4,Big 12,,3616,Amon G. Carter Stadium,46000,Fort Worth,TX,76129,US,"(32.7096604,-97.3680835)",185.4387054,696,578,"12,273",1896,3178
41,UConn,CONN,UConn,Huskies,UConn Huskies,fbs,18,FBS Independents,,3892,Pratt & Whitney Stadium,40000,East Hartford,CT,6118,US,"(41.7595675,-72.6187728)",6.515614986,531,615,"27,175",1896,2292
12,Arizona,ARIZ,Arizona,Wildcats,Arizona Wildcats,fbs,4,Big 12,,3619,Arizona Stadium,50782,Tucson,AZ,85721,US,"(32.2288054,-110.9488677)",742.1530151,640,507,"49,471",1899,4477
239,Baylor,BAY,Baylor,Bears,Baylor Bears,fbs,4,Big 12,,4727,McLane Stadium,45140,Waco,TX,76704,US,"(31.5582015,-97.1156702)",117.0538101,635,608,"20,709",1899,4004
2459,Northern Illinois,NIU,N Illinois,Huskies,Northern Illinois Huskies,fbs,15,Mid-American,,3764,Huskie Stadium,23595,DeKalb,IL,60115,US,"(41.9339586,-88.7778357)",267.4530029,620,533,"15,504",1899,2991
2348,Louisiana Tech,LT,Louisiana Tech,Bulldogs,Louisiana Tech Bulldogs,fbs,12,Conference USA,,3776,Joe Aillet Stadium,28019,Ruston,LA,71272,US,"(32.5321487,-92.6560019)",72.87982941,647,505,"11,612",1901,4352
197,Oklahoma State,OKST,Oklahoma St,Cowboys,Oklahoma State Cowboys,fbs,4,Big 12,,3646,Boone Pickens Stadium,55509,Stillwater,OK,74078,US,"(36.125673,-97.066513)",276.4808655,641,582,"25,359",1901,4472
309,Louisiana,UL,Louisiana,Ragin' Cajuns,Louisiana Ragin' Cajuns,fbs,37,Sun Belt,West,3666,Cajun Field,41426,Lafayette,LA,70506,US,"(30.2158434,-92.0417371)",3.556508303,576,586,"15,345",1902,3702
55,Jacksonville State,JVST,Jax State,Gamecocks,Jacksonville State Gamecocks,fbs,12,Conference USA,,3662,AmFirst Stadium,24000,Jacksonville,AL,36265,US,"(33.8201052,-85.76647)",198.0679016,622,429,"9,540",1904,803
326,Texas State,TXST,Texas St,Bobcats,Texas State Bobcats,fbs,37,Sun Belt,West,3644,Bobcat Stadium (TX),30000,San Marcos,TX,78666,US,"(29.8910008,-97.9255735)",177.8676453,543,506,"38,171",1904,1745
2711,Western Michigan,WMU,W Michigan,Broncos,Western Michigan Broncos,fbs,15,Mid-American,,3980,Waldo Stadium,30200,Kalamazoo,MI,49008,US,"(42.2860064,-85.6007573)",243.8211212,603,491,"18,266",1905,5285
57,Florida,FLA,Florida,Gators,Florida Gators,fbs,8,SEC,,3634,Ben Hill Griffin Stadium,88548,Gainesville,FL,32653,US,"(29.6499357,-82.3485788)",44.97250748,767,452,"55,211",1906,2563
62,Hawai'i,HAW,Hawai'i,Rainbow Warriors,Hawai'i Rainbow Warriors,fbs,17,Mountain West,,7220,Clarence T.C. Ching Athletics Complex,9000,Honolulu,HI,96822,,"(21.294294,-157.819338)",20,591,500,"19,256",1909,4345
2623,Missouri State,MOST,Missouri St,Bears,Missouri State Bears,fbs,12,Conference USA,,3878,Plaster Sports Complex,17337,Springfield,MO,65897,US,"(37.1976229,-93.2798119)",402.368103,502,545,"23,418",1909,640
2653,Troy,TROY,Troy,Trojans,Troy Trojans,fbs,37,Sun Belt,West,3975,Veterans Memorial Stadium (AL),30000,Troy,AL,36082,US,"(31.7995565,-85.9518328)",154.7746277,580,441,"6,000",1909,3128
97,Louisville,LOU,Louisville,Cardinals,Louisville Cardinals,fbs,1,ACC,,3873,L&N Federal Credit Union Stadium,60000,Louisville,KY,40292,US,"(38.2057621,-85.7588141)",138.5615997,561,500,"23,225",1910,3670
2032,Arkansas State,ARST,Arkansas St,Red Wolves,Arkansas State Red Wolves,fbs,37,Sun Belt,West,3625,Centennial Bank Stadium,30382,Jonesboro,AR,72404,US,"(35.8488977,-90.6677436)",89.52690887,505,532,"14,903",1911,4069
2393,Middle Tennessee,MTSU,MTSU,Blue Raiders,Middle Tennessee Blue Raiders,fbs,12,Conference USA,,3725,"Johnny ""Red"" Floyd Stadium",30788,Murfreesboro,TN,37132,US,"(35.8511463,-86.3681649)",191.7279816,611,474,"20,086",1911,3261
235,Memphis,MEM,Memphis,Tigers,Memphis Tigers,fbs,151,American Athletic,,3805,Simmons Bank Liberty Stadium,58325,Memphis,TN,38152,US,"(35.1209429,-89.977147)",90.62445831,547,539,"21,917",1912,3590
242,Rice,RICE,Rice,Owls,Rice Owls,fbs,151,American Athletic,,3895,Rice Stadium,47000,Houston,TX,77251,US,"(29.7163297,-95.4093261)",7.148301601,498,661,"8,212",1912,4138
2534,Sam Houston,SHSU,Sam Houston,Bearkats,Sam Houston Bearkats,fbs,12,Conference USA,,3647,Elliott T. Bowers Stadium,14000,Huntsville,TX,77340,US,"(30.713926,-95.5419802)",127.6225204,581,494,"21,480",1912,1095
2572,Southern Miss,USM,Southern Miss,Golden Eagles,Southern Miss Golden Eagles,fbs,37,Sun Belt,West,3815,M. M. Roberts Stadium,36000,Hattiesburg,MS,39402,US,"(31.3289321,-89.3318118)",64.52726746,616,472,"13,110",1912,3214
249,North Texas,UNT,North Texas,Mean Green,North Texas Mean Green,fbs,151,American Athletic,,3825,DATCU Stadium,30850,Denton,TX,76210,US,"(33.203899,-97.159245)",198.6871948,551,548,"44,767",1913,2782
98,Western Kentucky,WKU,Western KY,Hilltoppers,Western Kentucky Hilltoppers,fbs,12,Conference USA,,3796,Houchens Industries-L.T. Smith Stadium,22113,Bowling Green,KY,42101,US,"(36.9847901,-86.4594041)",154.4346619,625,433,"16,762",1913,4234
2638,UTEP,UTEP,UTEP,Miners,UTEP Miners,fbs,12,Conference USA,,3946,Sun Bowl,51500,El Paso,TX,79968,US,"(31.7733353,-106.507957)",1183.697876,414,645,"23,880",1914,3218
2567,SMU,SMU,SMU,Mustangs,SMU Mustangs,fbs,1,ACC,,3735,Gerald J. Ford Stadium,32000,University Park,TX,75275,US,"(32.8377223,-96.7827859)",169.4058075,546,564,"12,053",1915,3949
2649,Toledo,TOL,Toledo,Rockets,Toledo Rockets,fbs,15,Mid-American,,3739,Glass Bowl,26038,Toledo,OH,43606,US,"(41.6574777,-83.6135652)",181.4839783,590,458,"15,621",1917,3446
189,Bowling Green,BGSU,Bowling Green,Falcons,Bowling Green Falcons,fbs,15,Mid-American,,3700,Doyt L. Perry Stadium,24000,Bowling Green,OH,43403,US,"(41.3780114,-83.6225)",205.9057465,571,433,"15,089",1919,3450
26,UCLA,UCLA,UCLA,Bruins,UCLA Bruins,fbs,5,Big Ten,,1056,Rose Bowl,88565,Pasadena,CA,90095,US,"(34.1613284,-118.1676462)",245.1772461,642,456,"46,430",1919,2845
2309,Kent State,KENT,Kent State,Golden Flashes,Kent State Golden Flashes,fbs,15,Mid-American,,3696,Dix Stadium,25319,Kent,OH,44242,US,"(41.1390935,-81.31346)",321.3641663,367,609,"25,630",1920,3513
278,Fresno State,FRES,Fresno St,Bulldogs,Fresno State Bulldogs,fbs,17,Mountain West,,3660,Valley Children's Stadium,41031,Fresno,CA,93740,US,"(36.8143527,-119.7580092)",102.564064,654,454,"23,999",1921,3463
21,San Diego State,SDSU,San Diego St,Aztecs,San Diego State Aztecs,fbs,17,Mountain West,,7311,Snapdragon Stadium,35000,San Diego,CA,92093,US,"(32.784444,-117.122833)",62,596,457,"37,402",1921,3572
252,BYU,BYU,BYU,Cougars,BYU Cougars,fbs,4,Big 12,,3801,LaVell Edwards Stadium,63470,Provo,UT,84602,US,"(40.2575347,-111.6545247)",1412.097046,629,445,"34,390",1922,3612
2050,Ball State,BALL,Ball State,Cardinals,Ball State Cardinals,fbs,15,Mid-American,,3919,Scheumann Stadium,22500,Muncie,IN,47306,US,"(40.2159422,-85.4161148)",285.481781,480,467,"21,597",1924,3385
290,Georgia Southern,GASO,GA Southern,Eagles,Georgia Southern Eagles,fbs,37,Sun Belt,East,3608,Allen E. Paulson Stadium,25000,Statesboro,GA,30460,US,"(32.4122471,-81.7849296)",61.25376892,427,260,"26,106",1924,2637
2641,Texas Tech,TTU,Texas Tech,Red Raiders,Texas Tech Red Raiders,fbs,4,Big 12,,3784,Jones AT&T Stadium,60454,Lubbock,TX,79409,US,"(33.5910518,-101.8728824)",980.7632446,608,486,"40,378",1925,3286
2390,Miami,MIA,Miami,Hurricanes,Miami Hurricanes,fbs,1,ACC,,3948,Hard Rock Stadium,64767,Miami Gardens,FL,33299,US,"(25.9579665,-80.2388604)",2.624486446,676,391,"19,402",1926,2844
2026,Appalachian State,APP,App State,Mountaineers,App State Mountaineers,fbs,37,Sun Belt,East,3792,Kidd Brewer Stadium,30000,Boone,NC,28608,US,"(36.2114267,-81.6854278)",991.3414307,671,361,"21,253",1928,3124
151,East Carolina,ECU,East Carolina,Pirates,East Carolina Pirates,fbs,151,American Athletic,,3699,Dowdy-Ficklen Stadium,50000,Greenville,NC,27858,US,"(35.5968486,-77.364564)",19.0564537,470,460,"28,021",1932,4541
68,Boise State,BOIS,Boise St,Broncos,Boise State Broncos,fbs,17,Mountain West,,3653,Albertsons Stadium,36387,Boise,ID,83725,US,"(43.6028839,-116.1958882)",823.2221069,503,190,"26,155",1933,3601
2429,Charlotte,CLT,Charlotte,49ers,Charlotte 49ers,fbs,151,American Athletic,,4418,Jerry Richardson Stadium,15300,Charlotte,NC,28223,US,"(35.3105033,-80.7401194)",190.365509,51,96,"29,551",1946,3066
248,Houston,HOU,Houston,Cougars,Houston Cougars,fbs,4,Big 12,,4728,TDECU Stadium,40000,Houston,TX,77004,US,"(29.7219885,-95.3491623)",9.57440567,479,402,"46,700",1946,4507
52,Florida State,FSU,Florida St,Seminoles,Florida State Seminoles,fbs,1,ACC,,3697,Doak Campbell Stadium,79560,Tallahassee,FL,32306,US,"(30.4381692,-84.3044032)",19.55942535,585,291,"45,493",1947,3830
2433,UL Monroe,ULM,UL Monroe,Warhawks,UL Monroe Warhawks,fbs,37,Sun Belt,West,3817,Malone Stadium,30427,Monroe,LA,71209,US,"(32.5308089,-92.0660602)",22.998209,331,472,"8,397",1951,2784
2005,Air Force,AFA,Air Force,Falcons,Air Force Falcons,fbs,17,Mountain West,,3713,Falcon Stadium,46692,Colorado Springs,CO,80840,US,"(38.9969701,-104.8436165)",2024.875732,439,350,"4,304",1955,2697
2439,UNLV,UNLV,UNLV,Rebels,UNLV Rebels,fbs,17,Mountain West,,6501,Allegiant Stadium,65000,Las Vegas,NV,89154,US,"(36.1672559,-115.1485163)",2001,266,389,"28,092",1968,3495
256,James Madison,JMU,James Madison,Dukes,James Madison Dukes,fbs,37,Sun Belt,East,3651,Bridgeforth Stadium,24877,Harrisonburg,VA,22807,US,"(38.4352919,-78.8729349)",399.303009,379,226,"22,224",1972,1455
2335,Liberty,LIB,Liberty,Flames,Liberty Flames,fbs,12,Conference USA,,3992,Williams Stadium (VA),25000,Lynchburg,VA,24502,US,"(37.3544305,-79.1750239)",272.9237061,308,260,"15,800",1973,2433
2116,UCF,UCF,UCF,Knights,UCF Knights,fbs,4,Big 12,,3652,FBC Mortgage Stadium,44206,Orlando,FL,32816,US,"(28.6079765,-81.1927233)",20.94113731,299,242,"69,320",1979,2961
5,UAB,UAB,UAB,Blazers,UAB Blazers,fbs,151,American Athletic,,7221,Protective Stadium,47100,Birmingham,AL,35203,US,"(33.5206824,-86.8024326)",643,177,197,"21,639",1991,3112
58,South Florida,USF,South Florida,Bulls,South Florida Bulls,fbs,151,American Athletic,,3886,Raymond James Stadium,65828,Tampa,FL,33620,US,"(27.9758691,-82.5033344)",11.07972908,177,161,"49,766",1997,2167
2226,Florida Atlantic,FAU,FAU,Owls,Florida Atlantic Owls,fbs,151,American Athletic,,3715,FAU Stadium,29419,Boca Raton,FL,33499,US,"(26.3763763,-80.1015759)",3.613628864,126,166,"36,703",2001,2703
2229,Florida International,FIU,FIU,Panthers,Florida International Panthers,fbs,12,Conference USA,,218,FIU Stadium,20000,Miami,FL,33199,US,"(25.7525014,-80.3778912)",1.718581796,94,179,"55,687",2002,3531
324,Coastal Carolina,CCU,Coastal Car,Chanticleers,Coastal Carolina Chanticleers,fbs,37,Sun Belt,East,3654,Brooks Stadium (SC),21000,Conway,SC,29528,US,"(33.7928506,-79.0166946)",13.74894905,173,98,"10,484",2003,3691
6,South Alabama,USA,South Alabama,Jaguars,South Alabama Jaguars,fbs,37,Sun Belt,West,6526,Hancock Whitney Stadium,25450,Mobile,AL,85329,US,"(30.6943566,-88.0430541)",33,91,100,"13,463",2009,3140
2247,Georgia State,GAST,Georgia St,Panthers,Georgia State Panthers,fbs,37,Sun Belt,East,4246,Center Parc Stadium,25000,Atlanta,GA,30315,US,"(33.735267,-84.389949)",287,65,117,"50,521",2010,3391
2636,UTSA,UTSA,UTSA,Roadrunners,UTSA Roadrunners,fbs,151,American Athletic,,3604,Alamodome,36582,San Antonio,TX,78299,US,"(29.4169834,-98.4788143)",201.5526886,92,83,"34,393",2011,3639
338,Kennesaw State,KENN,Kennesaw St,Owls,Kennesaw State Owls,fbs,12,Conference USA,,4899,Fifth Third Stadium,8318,Kennesaw,GA,48187,US,"(34.0289318,-84.5676234)",296.9589844,74,42,"45,152",2015,1111
295,Old Dominion,ODU,Old Dominion,Monarchs,Old Dominion Monarchs,fbs,37,Sun Belt,East,3918,S.B. Ballard Stadium,20118,Norfolk,VA,23551,US,"(36.8889533,-76.3049175)",3.147987843,99,87,"23,494",1930,2664